First name,Last name,Mailing Street,Mailing City,Mailing State/Province,Mailing Zip/Postal Code,Mailing Country,Phone,Email
Duncan,Macintosh,1909 Union St,San Francisco,CA,94123,United States,(415) 555-4919,dmacintosh@example.com
Daryl,Distributor,986 Denver Avenue,Riverside,CA,92501,United States,(951) 555-3295,ddistributor@example.com
David,Adelson,660 Sutter St,San Francisco,CA,94102,United States,(650) 555-4645,dadelson@example.com
Mark,Smith,585 Franklin St,Mountain View,CA,94041,United States,(650) 555-5758,msmith@example.com
Mike,Garcia,500 Howard St,San Francisco,CA,94105,United States,(415) 555-6767,mgarcia@example.com
Deanna,Collins,2323 Mission St,San Francisco,CA,94110,United States,(415) 555-8883,dcollins@example.com
Andy,Peterson,100 Larkin Street,San Francisco,CA,94102,United States,(415) 555-3854,apeterson@example.com
Anne,Frost,345 California St,San Francisco,CA,94105,United States,(415) 555-2622,afrost@example.com
Stacy,McNeil,315 E. 14th St.,Davis,CA,95616,United States,(530) 555-2593,smcneil@example.com
Robert,Simpson,250 1st St,Woodland,CA,95695,United States,(530) 555-8725,rsimpson@example.com
Gabe,Hotkins,1750 Oak Park Blvd.,Pleasant Hill,CA,94523,United States,(925) 555-9897,ghotkins@example.com
Lance,Gonzales,1644 N. Broadway,Walnut Creek,CA,94596,United States,(925) 555-8624,lgonzales@example.com
Steve,Sutherland,913 N Broadview Ave,Wichita,KS,67208,United States,(608) 555-3399,ssutherland@example.com
Heath,Axworth,3640 Sacramento St,San Francisco,CA,94118,United States,(415) 555-4142,haxworth@example.com
Mina,Passini,598 Haight St,San Francisco,CA,94117,United States,(415) 555-5561,mpassini@example.com
Karen,Wells,1700 E Bayshore Rd,East Palo Alto,CA,94303,United States,(650) 555-3514,kwells@example.com
Mike,Welch,807 Telegraph Ave,Oakland,CA,94612,United States,(510) 555-2151,mwelch@example.com
Wes,Hardin,5801 College Ave,Oakland,CA,94618,United States,(510) 555-3664,whardin@example.com
May,Chan,6217 Santa Teresa Blvd,San Jose,CA,95119,United States,(537) 555-2247,mchan@example.com
Sarah,Phillips,240 E 3rd Ave,San Mateo,CA,94401,United States,(794) 555-4703,sphillips@example.com
Marc,Benioff,1 Market Street,San Francisco,CA,94105,United States,(415) 555-7000,mbenioff@example.com
Emilee,Kendra,101 California St,San Francisco,CA,94105,United States,(415) 555-3688,ekendra@example.com
Brad,Anastasio,800 3rd Street,San Francisco,CA,94105,United States,(415) 555-9065,banastasio@example.com
Antony,Passemard,50 Fremont Street,San Francisco,CA,94105,United States,(415) 555-7722,apassemard@example.com
Chris,Post,1 Market St.,San Francisco,CA,94105,United States,(415) 555-5590,cpost@example.com
Wes,Chopra,660 Sutter St,Wichita,KS,67208,United States,(847) 555-5100,wchopra@example.com
Greg,Walker,899 N Broadview Ave,Wichita,KS,67208,United States,(847) 555-7858,gwalker@example.com
Mary,McDaniel,904 N Broadview Ave,San Francisco,CA,94105,United States,(866) 555-7014,mmcdaniel@example.com
Doug,Hart,899 N Broadview Ave,Wichita,KS,67208,United States,(847) 555-3116,dhart@example.com
Jason,Brennaman,707 17th Street,Denver,CO,80202,United States,(847) 555-1237,jason.brennaman@example.com
Nicole,Grace,915 N Broadview Ave,Wichita,KS,67208,United States,(203) 555-2801,ngrace@example.com
Benjamin,Young,914 N Broadview Ave,Wichita,KS,67208,United States,(713) 555-2977,byoung@example.com
Bob,Warkentine,912 N Broadview Ave,Wichita,KS,67208,United States,(646) 555-2296,bwarkentine@example.com
Robert,Janzen,911 N Broadview Ave,Wichita,KS,67208,United States,(858) 555-8991,rjanzen@example.com
Chip,Colli,910 N Broadview Ave,Wichita,KS,67208,United States,(206) 555-7855,ccolli@example.com
Niki,Sullivan,909 N Broadview Ave,Wichita,KS,67208,United States,(702) 555-3769,nsullivan@example.com
Jon,Allegri,905 N Broadview Ave,Wichita,KS,67208,United States,(813) 555-5220,jallegri@example.com
Kari,Rende,908 N Broadview Ave,Wichita,KS,67208,United States,(630) 555-4403,krende@example.com
Mike,Malmin,907 N Broadview Ave,Wichita,KS,67208,United States,(317) 555-6312,mmalmin@example.com
Troy,Bullock,906 N Broadview Ave,Wichita,KS,67208,United States,(704) 555-7526,tbullock@example.com
Hamid,Basirat,1958 Stamford,Monroe,IA,50170,United States,(875) 555-6626,hbasirat@example.com
Bree,Reitz,2852 Bagley Circle,San Francisco,CA,94167,United States,(453) 555-6139,breitz@example.com
Hollie,Everhart,2832 Grotton Road,Hakalau,HI,96710,United States,(579) 555-5933,heverhart@example.com
Marci,Viviano,1767 Oak Place,Tacoma,WA,98408,United States,(270) 555-9522,mviviano@example.com
Lloyd,Archibald,1591 Hulet,Topeka,IN,46571,United States,(801) 555-7354,larchibald@example.com
Shay,Dulaney,1225 Fourth,Pensacola,FL,32516,United States,(686) 555-8285,sdulaney@example.com
David,Homme,2215 Oak Drive,Eugene,OR,97404,United States,(759) 555-1632,dhomme@example.com
Cristin,Hwang,2009 Dawson,Rushmore,MN,56168,United States,(806) 555-6846,chwang@example.com
Laura,Rossi,Avenue de la Roseraie 64,Genve,,1205,Switzerland,(611) 555-1661,rmorris@example.com
Adam,Mercer,6069 NE 49th Ave,Littleton,CO,80211,United States,(794) 555-5480,amercer@example.com
Joyce,Turner,6069 NE 49th Ave,Littleton,CO,80211,United States,(794) 555-7515,jturner@example.com
Steve,Ideas,3418 Poplar Ave,Shelby,TN,38111,United States,(674) 555-7660,sideas@example.com
Sean,Silver,1 S. Dearborn,Chicago,IL,94105,United States,(792) 555-5309,ssilver@example.com
Barry,Brown,500 Market Street,San Francisco,CA,94105,United States,(319) 555-5270,bbrown@example.com
Sandy,Jones,900 N Broadview Ave,Wichita,KS,67208,United States,(261) 555-3205,sjones@example.com
Bradley,Harmon,899 N Broadview Ave,Wichita,KS,67208,United States,(261) 555-6425,bharmon@example.com
Bruce,Watkins,69 Oberlin,Stevens Point,WI,54481,United States,(631) 555-8821,bwatkins@example.com
Bonnie,Barra,3484 Pinklon Circle,San Miguel,CA,93451,United States,(261) 555-6229,bbarra@example.com
Jamie,Green,223 Polk Street,San Francisco,CA,94133,United States,(537) 555-7796,jgreen@example.com
Jan,Perkins,5680 Hardwoods Cove,Friedensburg,PA,17933,United States,(767) 555-8343,jperkins@example.com
Ryan,Giggs,405 S Stricker St,Baltimore,MD,21223,United States,(266) 555-4756,rgiggs@example.com
Andrea,Bowden,100 L Street,Boston,MA,2051,United States,(655) 555-9967,abowden@example.com
Sarah,Jeffries,5815 Fairview Pl N,King,WA,98109,United States,(296) 555-7307,sjeffries@example.com
Chris,Templey,26 Boot Rd,Delaware,PA,19073,United States,(874) 555-9359,ctempley@example.com
Kathy,Fitzpatrick,730 Bounty Dr.,Foster City,CA,94404,United States,(231) 555-6665,kfitzpatrick@example.com
Derek,Rose,6805 15th Ave NW,King,WA,98117,United States,(575) 555-2613,drose@example.com
Lisa,Jones,47 S Galapago St,Denver,CO,80223,United States,(904) 555-4358,ljones@example.com
Jeff,Blay,1678 50th Ave,Alameda,CA,94601,United States,(487) 555-4995,jblay@example.com
Ron,Reid,3262 47th St,San Diego,CA,92105,United States,(935) 555-8160,rreid@example.com
Bill,Blau,62 Chatham Pl,San Francisco,CA,94108,United States,(867) 555-2951,bblau@example.com
Judy,Odom,1984 Gufford Dr,New Hanover,NC,28403,United States,(689) 555-3077,jodom@example.com
Tammy,Baxter,850 Mission St,San Francisco,CA,94103,United States,(415) 555-3930,tbaxter@example.com
Peter,Houston,2230 W 63rd St,Cook,IL,60636,United States,(415) 555-4707,phouston@example.com
Larry,Baxter,5970 Seville Ave,Los Angeles,CA,90255,United States,(310) 555-4786,lbaxter@example.com
Tom,Davis,309 8th Ave,Santa Cruz,CA,95062,United States,(643) 555-5886,tdavis@example.com
Rose,Gonzalez,4191 Tamarus St,Clark,NV,89119,United States,(776) 555-1601,rgonzalez@example.com
Alex,Johnson,4191 Tamarus St,Clark,NV,89119,United States,(526) 555-3205,ajohnson@example.com
Tom,James,4191 Tamarus St,Clark,NV,89119,United States,(932) 555-2450,tjames@example.com
Ed,Flachbarth,178 San Jose Ave,Santa Clara,CA,95125,United States,(475) 555-2054,eflachbarth@example.com
James,Wu,12011 Government Center Pkwy,Fairfax,VA,22035,United States,(274) 555-7584,jwu@example.com
Mark,Kingston,12011 Government Center Pkwy,Fairfax,VA,22035,United States,(769) 555-7272,mkingston@example.com
Martin,Woodson,16909 SE Alder St,Multnomah,OR,97233,United States,(750) 555-8377,wmartin@example.com
Jeannie,Rogers,4191 Tamarus St,Clark,NV,89119,United States,(875) 555-9710,jrogers@example.com
Arthur,Song,3418 Poplar Ave,Shelby,TN,38111,United States,(772) 555-5429,asong@example.com
Patricia,Feager,3418 Poplar Ave,Shelby,TN,38111,United States,(423) 555-2615,pfeager@example.com
George,Mazzotta,3418 Poplar Ave,Shelby,TN,38111,United States,(520) 555-5807,gmazzotta@example.com
Danielle,Hauck,3418 Poplar Ave,Shelby,TN,38111,United States,(219) 555-1644,dhauck@example.com
Martin,Green,16909 SE Alder St,Multnomah,OR,97233,United States,(280) 555-9701,mgreen@example.com
Thomas,Green,3418 Poplar Ave,Shelby,TN,38111,United States,(639) 555-1713,tgreen@example.com
Brenda,Mcclure,3418 Poplar Ave,Shelby,TN,38111,United States,(415) 555-4922,bmcclure@example.com
Joseph,Gillespie,16909 SE Alder St,Multnomah,OR,97233,United States,(323) 555-2642,jgillespie@example.com
Richard,O'Brien Jr,16909 SE Alder St,Multnomah,OR,97233,United States,(726) 555-5626,robrien@example.com
Chris,Friedman,3418 Poplar Ave,Shelby,TN,38111,United States,(227) 555-9079,cfriedman@example.com
Bjorn,Lundgren,6039 E Northwest Hwy,Dallas,TX,75225,United States,(373) 555-9342,bolson@example.com
Peter,Foss,16909 SE Alder St,Multnomah,OR,97233,United States,(453) 555-8461,pfoss@example.com
Janice,Bergman,310 Henry St,New York,NY,10002,United States,(810) 555-9875,jbergman@example.com
Kyle,Pearson,310 Henry St,New York,NY,10002,United States,(903) 555-7363,kpearson@example.com
Jean-Michel,Lambert,310 Henry St,New York,NY,10002,United States,(544) 555-2450,jlambert@example.com
Robert,Fontana,16909 SE Alder St,Multnomah,OR,97233,United States,(226) 555-5980,rfontana@example.com
Julie,Dillon,310 Henry St,New York,NY,10002,United States,(533) 555-3116,jdillon@example.com
Bill,Martin,310 Henry St,New York,NY,10002,United States,(673) 555-2802,bmartin@example.com
Billy,Mack,310 Henry St,New York,NY,10002,United States,(206) 555-4966,bmack@example.com
Ed,Hennessy,2056 Laurel Ave,Jefferson,TX,77701,United States,(699) 555-3781,ehennessy@example.com
Erin,Walsh,5628 SE Alder St,Multnomah,OR,97215,United States,(925) 555-6788,ewalsh@example.com
Sean,Forbes,4191 Tamarus St,Clark,NV,89119,United States,(237) 555-2784,sforbes@example.com
Allison,Yates,390 Harris Street,Sydney,NSW,2007,Australia,(239) 555-1562,ayates@example.com
Tammy,Reseller,4191 Tamarus St,Clark,NV,89119,United States,(573) 555-9103,treseller@example.com
Michael,Basch,4191 Tamarus St,Clark,NV,89119,United States,(753) 555-5337,mbasch@example.com
Thomas,Simes,4191 Tamarus St,Clark,NV,89119,United States,(519) 555-7883,tsimes@example.com
Stephanie,Curran,178 San Jose Ave,Santa Clara,CA,95125,United States,(690) 555-3122,scurran@example.com
Stella,Pavlova,390 Harris Street,Sydney,NSW,2007,Australia,(842) 555-9587,spavlova@example.com
Mark,Dillon,390 Harris Street,Sydney,NSW,2007,Australia,(765) 555-3929,mdillon@example.com
Susan,Johanson,390 Harris Street,Sydney,NSW,2007,Australia,(390) 555-5353,sjohanson@example.com
Jeff,Kane,178 San Jose Ave,Santa Clara,CA,95125,United States,(385) 555-1733,jkane@example.com
Paul,Partner,500 Battery Street,San Francisco,CA,94105,United States,(344) 555-5476,ppartner@example.com
Al,Miller,178 San Jose Ave,Santa Clara,CA,95125,United States,(879) 555-6333,amiller@example.com
Keith,Lopez,178 San Jose Ave,Santa Clara,CA,95125,United States,(528) 555-1170,klopez@example.com
Larry,Kuchenreuther,1963 Border Ave,Los Angeles,CA,90501,United States,(446) 555-9042,lkuchenreuther@example.com
Mark,Metz,178 San Jose Ave,Santa Clara,CA,95125,United States,(747) 555-7568,mmetz@example.com
Steve,Mcdonald,178 San Jose Ave,Santa Clara,CA,95125,United States,(631) 555-8643,smcdonald@example.com
Sandy,Knudson,17753 Gothard St,Orange,CA,92647,United States,(624) 555-5001,sknudson@example.com
Ron,Adkins,899 N Broadview Ave,Sedgwick,KS,67208,United States,(258) 555-2156,radkins@example.com
David,Harris,309 8th Ave,Santa Cruz,CA,95062,United States,(692) 555-3263,dharris@example.com
Gabriel,Silva,Rua Jasmin 560,13087Campinas,SP,13087,Brazil,(632) 555-9279,rlloyd@example.com
Sean,Murphy,178 San Jose Ave,Santa Clara,CA,95125,United States,(576) 555-1964,smurphy@example.com
Sienna,Competente,1419 Commerce Rd,Richmond (city),VA,23224,United States,(672) 555-2472,scompetente@example.com
Leo,Novak,3544 Wedo St,Clark,NV,89031,United States,(656) 555-4875,lnovak@example.com
Brad,Owens,1419 Gunderson Ave,Cook,IL,60402,United States,(500) 555-1311,bowens@example.com
Lauren,Boyle,12011 Government Center Pkwy,Fairfax,CA,22035,United States,(415) 555-9303,lboyle@example.com
Bob,Hodges,2725 Quarry Rd,Montgomery,PA,19009,United States,(422) 555-5262,bhodges@example.com
